{"position":{"x":-2.5999999046325685,"y":3.200000047683716,"z":0.0},"color":{"r":0.5,"g":0.5,"b":0.5,"a":1.0}}{"position":{"x":-0.75,"y":3.200000047683716,"z":0.0},"color":{"r":0.5,"g":0.5,"b":0.5,"a":1.0}}{"position":{"x":1.0999999046325684,"y":3.200000047683716,"z":0.0},"color":{"r":0.5,"g":0.5,"b":0.5,"a":1.0}}{"position":{"x":2.950000047683716,"y":3.200000047683716,"z":0.0},"color":{"r":0.5,"g":0.5,"b":0.5,"a":1.0}}{"position":{"x":-2.5999999046325685,"y":1.2000000476837159,"z":0.0},"color":{"r":0.0,"g":1.0,"b":0.0,"a":1.0}}{"position":{"x":-0.75,"y":1.2000000476837159,"z":0.0},"color":{"r":0.5,"g":0.5,"b":0.5,"a":1.0}}{"position":{"x":1.0999999046325684,"y":1.2000000476837159,"z":0.0},"color":{"r":0.5,"g":0.5,"b":0.5,"a":1.0}}{"position":{"x":2.950000047683716,"y":1.2000000476837159,"z":0.0},"color":{"r":0.5,"g":0.5,"b":0.5,"a":1.0}}{"position":{"x":-2.5999999046325685,"y":-0.800000011920929,"z":0.0},"color":{"r":0.5,"g":0.5,"b":0.5,"a":1.0}}{"position":{"x":-0.75,"y":-0.800000011920929,"z":0.0},"color":{"r":1.0,"g":1.0,"b":1.0,"a":1.0}}{"position":{"x":1.0999999046325684,"y":-0.800000011920929,"z":0.0},"color":{"r":0.0,"g":0.0,"b":1.0,"a":1.0}}{"position":{"x":2.950000047683716,"y":-0.800000011920929,"z":0.0},"color":{"r":0.5,"g":0.5,"b":0.5,"a":1.0}}{"position":{"x":-2.5999999046325685,"y":-2.799999952316284,"z":0.0},"color":{"r":0.5,"g":0.5,"b":0.5,"a":1.0}}{"position":{"x":-0.75,"y":-2.799999952316284,"z":0.0},"color":{"r":1.0,"g":0.0,"b":0.0,"a":1.0}}{"position":{"x":1.0999999046325684,"y":-2.799999952316284,"z":0.0},"color":{"r":0.5,"g":0.5,"b":0.5,"a":1.0}}{"position":{"x":2.950000047683716,"y":-2.799999952316284,"z":0.0},"color":{"r":0.5,"g":0.5,"b":0.5,"a":1.0}}