{"position":{"x":-3.799999713897705,"y":6.799999237060547,"z":0.0},"color":{"r":0.5,"g":0.5,"b":0.5,"a":1.0}}{"position":{"x":-1.8000000715255738,"y":6.799999237060547,"z":0.0},"color":{"r":0.5,"g":0.5,"b":0.5,"a":1.0}}{"position":{"x":-0.3999999463558197,"y":6.799999237060547,"z":0.0},"color":{"r":0.5,"g":0.5,"b":0.5,"a":1.0}}{"position":{"x":0.5999999642372131,"y":6.799999237060547,"z":0.0},"color":{"r":0.5,"g":0.5,"b":0.5,"a":1.0}}{"position":{"x":1.799999475479126,"y":6.799999237060547,"z":0.0},"color":{"r":0.5,"g":0.5,"b":0.5,"a":1.0}}{"position":{"x":3.1999988555908205,"y":6.799999237060547,"z":0.0},"color":{"r":0.5,"g":0.5,"b":0.5,"a":1.0}}{"position":{"x":-3.799999713897705,"y":4.800000190734863,"z":0.0},"color":{"r":0.5,"g":0.5,"b":0.5,"a":1.0}}{"position":{"x":-1.8000000715255738,"y":4.800000190734863,"z":0.0},"color":{"r":0.5,"g":0.5,"b":0.5,"a":1.0}}{"position":{"x":-0.3999999463558197,"y":4.800000190734863,"z":0.0},"color":{"r":0.5,"g":0.5,"b":0.5,"a":1.0}}{"position":{"x":0.5999999642372131,"y":4.800000190734863,"z":0.0},"color":{"r":0.5,"g":0.5,"b":0.5,"a":1.0}}{"position":{"x":1.799999475479126,"y":4.800000190734863,"z":0.0},"color":{"r":0.5,"g":0.5,"b":0.5,"a":1.0}}{"position":{"x":3.1999988555908205,"y":4.800000190734863,"z":0.0},"color":{"r":0.5,"g":0.5,"b":0.5,"a":1.0}}{"position":{"x":-3.799999713897705,"y":2.799999952316284,"z":0.0},"color":{"r":0.5,"g":0.5,"b":0.5,"a":1.0}}{"position":{"x":-1.8000000715255738,"y":2.799999952316284,"z":0.0},"color":{"r":0.5,"g":0.5,"b":0.5,"a":1.0}}{"position":{"x":-0.3999999463558197,"y":2.799999952316284,"z":0.0},"color":{"r":0.5,"g":0.5,"b":0.5,"a":1.0}}{"position":{"x":0.5999999642372131,"y":2.799999952316284,"z":0.0},"color":{"r":0.5,"g":0.5,"b":0.5,"a":1.0}}{"position":{"x":1.799999475479126,"y":2.799999952316284,"z":0.0},"color":{"r":0.5,"g":0.5,"b":0.5,"a":1.0}}{"position":{"x":3.1999988555908205,"y":2.799999952316284,"z":0.0},"color":{"r":0.5,"g":0.5,"b":0.5,"a":1.0}}{"position":{"x":-3.799999713897705,"y":0.8000000715255737,"z":0.0},"color":{"r":0.5,"g":0.5,"b":0.5,"a":1.0}}{"position":{"x":-1.8000000715255738,"y":0.8000000715255737,"z":0.0},"color":{"r":0.5,"g":0.5,"b":0.5,"a":1.0}}{"position":{"x":-0.3999999463558197,"y":0.8000000715255737,"z":0.0},"color":{"r":0.5,"g":0.5,"b":0.5,"a":1.0}}{"position":{"x":0.5999999642372131,"y":0.8000000715255737,"z":0.0},"color":{"r":0.5,"g":0.5,"b":0.5,"a":1.0}}{"position":{"x":1.799999475479126,"y":0.8000000715255737,"z":0.0},"color":{"r":0.5,"g":0.5,"b":0.5,"a":1.0}}{"position":{"x":3.1999988555908205,"y":0.8000000715255737,"z":0.0},"color":{"r":0.5,"g":0.5,"b":0.5,"a":1.0}}{"position":{"x":-3.799999713897705,"y":-1.2000000476837159,"z":0.0},"color":{"r":0.5,"g":0.5,"b":0.5,"a":1.0}}{"position":{"x":-1.8000000715255738,"y":-1.2000000476837159,"z":0.0},"color":{"r":0.5,"g":0.5,"b":0.5,"a":1.0}}{"position":{"x":-0.3999999463558197,"y":-1.2000000476837159,"z":0.0},"color":{"r":0.5,"g":0.5,"b":0.5,"a":1.0}}{"position":{"x":0.5999999642372131,"y":-1.2000000476837159,"z":0.0},"color":{"r":0.5,"g":0.5,"b":0.5,"a":1.0}}{"position":{"x":1.799999475479126,"y":-1.2000000476837159,"z":0.0},"color":{"r":0.5,"g":0.5,"b":0.5,"a":1.0}}{"position":{"x":3.1999988555908205,"y":-1.2000000476837159,"z":0.0},"color":{"r":0.5,"g":0.5,"b":0.5,"a":1.0}}{"position":{"x":-3.799999713897705,"y":-3.200000524520874,"z":0.0},"color":{"r":0.5,"g":0.5,"b":0.5,"a":1.0}}{"position":{"x":-1.8000000715255738,"y":-3.200000524520874,"z":0.0},"color":{"r":0.5,"g":0.5,"b":0.5,"a":1.0}}{"position":{"x":-0.3999999463558197,"y":-3.200000524520874,"z":0.0},"color":{"r":0.5,"g":0.5,"b":0.5,"a":1.0}}{"position":{"x":0.5999999642372131,"y":-3.200000524520874,"z":0.0},"color":{"r":0.5,"g":0.5,"b":0.5,"a":1.0}}{"position":{"x":1.799999475479126,"y":-3.200000524520874,"z":0.0},"color":{"r":0.5,"g":0.5,"b":0.5,"a":1.0}}{"position":{"x":3.1999988555908205,"y":-3.200000524520874,"z":0.0},"color":{"r":0.5,"g":0.5,"b":0.5,"a":1.0}}{"position":{"x":-3.799999713897705,"y":-5.200001239776611,"z":0.0},"color":{"r":0.5,"g":0.5,"b":0.5,"a":1.0}}{"position":{"x":-1.8000000715255738,"y":-5.200001239776611,"z":0.0},"color":{"r":0.5,"g":0.5,"b":0.5,"a":1.0}}{"position":{"x":-0.3999999463558197,"y":-5.200001239776611,"z":0.0},"color":{"r":0.5,"g":0.5,"b":0.5,"a":1.0}}{"position":{"x":0.5999999642372131,"y":-5.200001239776611,"z":0.0},"color":{"r":0.5,"g":0.5,"b":0.5,"a":1.0}}{"position":{"x":1.799999475479126,"y":-5.200001239776611,"z":0.0},"color":{"r":0.5,"g":0.5,"b":0.5,"a":1.0}}{"position":{"x":3.1999988555908205,"y":-5.200001239776611,"z":0.0},"color":{"r":0.5,"g":0.5,"b":0.5,"a":1.0}}